instrument_id,valid_from,valid_to,is_compliant,reason
INS001,2025-08-01,2026-02-01,True,
INS001,2026-02-01,2026-08-01,True,
INS001,2026-08-01,9999-12-31,False,Interest-bearing debt ratio above threshold
INS002,2025-08-01,2026-02-01,True,
INS002,2026-02-01,2026-08-01,True,
INS002,2026-08-01,9999-12-31,True,
INS003,2025-08-01,2026-02-01,True,
INS003,2026-02-01,2026-08-01,True,
INS003,2026-08-01,9999-12-31,True,
INS004,2025-08-01,2026-02-01,True,
INS004,2026-02-01,2026-08-01,True,
INS004,2026-08-01,9999-12-31,True,
INS005,2025-08-01,2026-02-01,True,
INS005,2026-02-01,2026-08-01,True,
INS005,2026-08-01,9999-12-31,True,
INS006,2025-08-01,2026-02-01,True,
INS006,2026-02-01,2026-08-01,True,
INS006,2026-08-01,9999-12-31,True,
INS007,2025-08-01,2026-02-01,True,
INS007,2026-02-01,2026-08-01,True,
INS007,2026-08-01,9999-12-31,True,
INS008,2025-08-01,2026-02-01,True,
INS008,2026-02-01,2026-08-01,True,
INS008,2026-08-01,9999-12-31,True,
INS009,2025-08-01,2026-02-01,True,
INS009,2026-02-01,2026-08-01,True,
INS009,2026-08-01,9999-12-31,True,
INS010,2025-08-01,2026-02-01,True,
INS010,2026-02-01,2026-08-01,True,
INS010,2026-08-01,9999-12-31,True,
INS011,2025-08-01,2026-02-01,False,Financial ratio above threshold
INS011,2026-02-01,2026-08-01,True,
INS011,2026-08-01,9999-12-31,True,
INS012,2025-08-01,2026-02-01,True,
INS012,2026-02-01,2026-08-01,True,
INS012,2026-08-01,9999-12-31,True,
INS013,2025-08-01,2026-02-01,True,
INS013,2026-02-01,2026-08-01,True,
INS013,2026-08-01,9999-12-31,True,
INS014,2025-08-01,2026-02-01,True,
INS014,2026-02-01,2026-05-15,True,
INS014,2026-05-15,2026-08-01,True,
INS014,2026-08-01,9999-12-31,True,
INS015,2025-08-01,2026-02-01,True,
INS015,2026-02-01,2026-08-01,True,
INS015,2026-08-01,9999-12-31,True,
INS016,2025-08-01,2026-02-01,True,
INS016,2026-02-01,2026-08-01,True,
INS016,2026-08-01,9999-12-31,True,
INS017,2025-08-01,2026-02-01,True,
INS017,2026-02-01,2026-08-01,True,
INS017,2026-08-01,9999-12-31,True,
INS018,2025-08-01,2026-02-01,True,
INS018,2026-02-01,2026-08-01,True,
INS018,2026-08-01,9999-12-31,False,Interest income ratio above threshold
INS019,2025-08-01,2026-02-01,False,Core business: interest-based finance
INS019,2026-02-01,2026-08-01,False,Core business: interest-based finance
INS019,2026-08-01,9999-12-31,False,Core business: interest-based finance
INS020,2025-08-01,2026-02-01,False,Core business: interest-based finance
INS020,2026-02-01,2026-08-01,False,Core business: interest-based finance
INS020,2026-08-01,9999-12-31,False,Core business: interest-based finance
INS021,2025-08-01,2026-02-01,False,Core business: alcohol
INS021,2026-02-01,2026-08-01,False,Core business: alcohol
INS021,2026-08-01,9999-12-31,False,Core business: alcohol
INS022,2025-08-01,2026-02-01,False,Core business: gambling
INS022,2026-02-01,2026-08-01,False,Core business: gambling
INS022,2026-08-01,9999-12-31,False,Core business: gambling
INS023,2025-08-01,2026-02-01,True,
INS023,2026-02-01,2026-08-01,True,
INS023,2026-08-01,9999-12-31,True,
INS024,2025-08-01,2026-02-01,True,
INS024,2026-02-01,2026-08-01,True,
INS024,2026-08-01,9999-12-31,True,
INS025,2025-08-01,2026-02-01,True,
INS025,2026-02-01,2026-08-01,True,
INS025,2026-08-01,9999-12-31,True,
INS026,2025-08-01,2026-02-01,True,
INS026,2026-02-01,2026-08-01,True,
INS026,2026-08-01,9999-12-31,True,
INS027,2025-08-01,2026-02-01,True,
INS027,2026-02-01,2026-08-01,True,
INS027,2026-08-01,9999-12-31,True,
INS028,2025-08-01,2026-02-01,True,
INS028,2026-02-01,2026-08-01,True,
INS028,2026-08-01,9999-12-31,True,
